[{"dexPath":"/storage/emulated/0/.sketchware/libs/local_libs/KProgressHUD/classes.dex","jarPath":"/storage/emulated/0/.sketchware/libs/local_libs/KProgressHUD/classes.jar","name":"KProgressHUD","packageName":"com.kaopiz.kprogresshud","resPath":"/storage/emulated/0/.sketchware/libs/local_libs/KProgressHUD/res"},{"dexPath":"/storage/emulated/0/.sketchware/libs/local_libs/Zip4Java/classes.dex","jarPath":"/storage/emulated/0/.sketchware/libs/local_libs/Zip4Java/classes.jar","name":"Zip4Java","packageName":"net.lingala.zip4j"}]